{"cameraMode":{"drawMode":0,"name":"Shaded","section":"Shading Mode"},"sceneLighting":false,"audioPlay":false,"sceneViewState":{"showFog":true,"showMaterialUpdate":false,"showSkybox":false,"showFlares":true,"showImageEffects":true,"showParticleSystems":true},"in2DMode":false,"pivot":{"x":-44.120704650878909,"y":-338.77313232421877,"z":24.541851043701173},"rotation":{"x":-0.14578045904636384,"y":0.48566222190856936,"z":-0.08252371102571488,"w":-0.8579524755477905},"size":0.0527166873216629,"orthographic":false}