{"cameraMode":{"drawMode":0,"name":"Shaded","section":"Shading Mode"},"sceneLighting":false,"audioPlay":false,"sceneViewState":{"showFog":true,"showMaterialUpdate":false,"showSkybox":false,"showFlares":true,"showImageEffects":true,"showParticleSystems":true},"in2DMode":false,"pivot":{"x":-37.96318054199219,"y":-345.8427734375,"z":26.36248016357422},"rotation":{"x":-0.24745073914527894,"y":0.1280236393213272,"z":-0.0330059677362442,"w":-0.9598416686058044},"size":0.0527166873216629,"orthographic":false}