{"cameraMode":{"drawMode":0,"name":"Shaded","section":"Shading Mode"},"sceneLighting":false,"audioPlay":false,"sceneViewState":{"showFog":true,"showMaterialUpdate":false,"showSkybox":false,"showFlares":true,"showImageEffects":true,"showParticleSystems":true},"in2DMode":false,"pivot":{"x":0.800000011920929,"y":-9.313216864370588e-12,"z":-0.05000000447034836},"rotation":{"x":-0.01838097721338272,"y":0.8156687617301941,"z":-0.025954794138669969,"w":-0.5776455402374268},"size":0.4949871599674225,"orthographic":false}