{"cameraMode":{"drawMode":0,"name":"Shaded","section":"Shading Mode"},"sceneLighting":false,"audioPlay":false,"sceneViewState":{"showFog":true,"showMaterialUpdate":false,"showSkybox":false,"showFlares":true,"showImageEffects":true,"showParticleSystems":true},"in2DMode":false,"pivot":{"x":-39.30121994018555,"y":-351.64617919921877,"z":20.89173126220703},"rotation":{"x":-0.3646242916584015,"y":-0.09557086229324341,"z":0.03765450790524483,"w":-0.925479531288147},"size":0.053142499178647998,"orthographic":false}